{"bcc": [[0.01, 0.0021373662241774547], [0.02, 0.008392701461210869], [0.03, 0.018530850864454336], [0.04, 0.03231667093292645], [0.05, 0.04951500268392936], [0.060000000000000005, 0.06989070208738025], [0.06999999999999999, 0.09320857582285466], [0.08, 0.1192335789541078], [0.09, 0.14773046088378766], [0.09999999999999999, 0.17846405929757722], [0.11, 0.21119929615648614], [0.12, 0.24570098843842872], [0.13, 0.2817339849570583], [0.14, 0.3190631345258525], [0.15000000000000002, 0.35745332077548825], [0.16, 0.39666934471543147], [0.17, 0.4364760708372279], [0.18000000000000002, 0.47663834798130483], [0.19, 0.5169210488957954], [0.2, 0.5570889786884214], [0.21000000000000002, 0.5969070065864623], [0.22, 0.6361399815247519], [0.23, 0.6745527524448292], [0.24000000000000002, 0.7119101682941601], [0.25, 0.7479770780236514], [0.26, 0.7825183305877464], [0.27, 0.8152987749430336], [0.28, 0.846083260094551], [0.29000000000000004, 0.8746366349736411], [0.3, 0.9007237017166322], [0.31, 0.9241093734825238], [0.32, 0.9445585037281196], [0.33, 0.9618359194883196], [0.34, 0.9757064697333224], [0.35000000000000003, 0.9859350034309758], [0.36000000000000004, 0.9924636932426555]], "octet_truss": [[0.01, 0.005176918970214602], [0.02, 0.02008976695956237], [0.03, 0.04381139179763967], [0.04, 0.0754146546489343], [0.05, 0.11397253725368639], [0.060000000000000005, 0.15855835724430117], [0.06999999999999999, 0.2082445367345921], [0.08, 0.26210424880963445], [0.09, 0.31921054391564463], [0.09999999999999999, 0.3786361309257712], [0.11, 0.43945405642313934], [0.12, 0.5007372627880898], [0.13, 0.5615587249258587], [0.14, 0.6209913242651293], [0.15000000000000002, 0.6781080316728114], [0.16, 0.7319817341191455], [0.17, 0.7816854740371044], [0.18000000000000002, 0.8262921477764327], [0.19, 0.8648747245457888], [0.2, 0.8965060969930575], [0.21000000000000002, 0.9205630747672138], [0.22, 0.938914683448203], [0.23, 0.9532217203220071], [0.24000000000000002, 0.9644503542681101], [0.25, 0.9733560260775835], [0.26, 0.980524158092416], [0.27, 0.9862325595012643], [0.28, 0.9906724914256521]], "cuboctahedron": [[0.01, 0.002603918127888522], [0.02, 0.01016838275208308], [0.03, 0.022322487599818103], [0.04, 0.03869529891528273], [0.05, 0.058915912072026545], [0.060000000000000005, 0.08261349735924901], [0.06999999999999999, 0.10941673919925471], [0.08, 0.1389552280696219], [0.09, 0.17085789706902885], [0.09999999999999999, 0.2047537009455973], [0.11, 0.2402718486767927], [0.12, 0.277041384844273], [0.13, 0.31469138549513265], [0.14, 0.3528509513946134], [0.15000000000000002, 0.3911491593172835], [0.16, 0.42921509166221095], [0.17, 0.46667783725313494], [0.18000000000000002, 0.5031664784732328], [0.19, 0.5383101072771747], [0.2, 0.5717377944308069], [0.21000000000000002, 0.6031545459921223], [0.22, 0.6328885868952333], [0.23, 0.661215815231735], [0.24000000000000002, 0.6882387476409132], [0.25, 0.7140070442538102], [0.26, 0.7385436288523308], [0.27, 0.7618552850092981], [0.28, 0.7839382798107218], [0.29000000000000004, 0.8047816137314299], [0.3, 0.8243686154048109], [0.31, 0.8426789486953774], [0.32, 0.8596891092663766], [0.33, 0.875373200525937], [0.34, 0.8897034225198777], [0.35000000000000003, 0.9026504406539059], [0.36000000000000004, 0.9142183240673746], [0.37, 0.9246265764950033], [0.38, 0.9340373690282836], [0.39, 0.9425473908537036], [0.4, 0.9502313388286325], [0.41000000000000003, 0.9499388373250568], [0.42000000000000004, 0.963364051102307], [0.43, 0.9689175106125328], [0.44, 0.9738580962086525], [0.45, 0.9782286365785435], [0.46, 0.9820696675167817], [0.47000000000000003, 0.985419879864558], [0.48000000000000004, 0.9883164623013466], [0.49, 0.9907953643453524]], "kelvin": [[0.01, 0.0038162223746453982], [0.02, 0.014766631582818672], [0.03, 0.03211263624569042], [0.04, 0.05511151412079541], [0.05, 0.08302171428072158], [0.060000000000000005, 0.11510144045495972], [0.06999999999999999, 0.15060958830322677], [0.08, 0.1888039805165153], [0.09, 0.22894350962430954], [0.09999999999999999, 0.2702863010810639], [0.11, 0.31208965598761845], [0.12, 0.3536139647338376], [0.13, 0.3941167347761545], [0.14, 0.43320184248228627], [0.15000000000000002, 0.4712648906896247], [0.16, 0.5083887774310494], [0.17, 0.5445288219871761], [0.18000000000000002, 0.5795927783648098], [0.19, 0.6134620330978096], [0.2, 0.6459540543745247], [0.21000000000000002, 0.6768337428900714], [0.22, 0.7058610513786662], [0.23, 0.7328112920821028], [0.24000000000000002, 0.7578422667119509], [0.25, 0.7812044693068949], [0.26, 0.8029909976167836], [0.27, 0.8232489112523904], [0.28, 0.8420025657545908], [0.29000000000000004, 0.8592628430668242], [0.3, 0.8750317893148718], [0.31, 0.889305220845608], [0.32, 0.9020874113493239], [0.33, 0.9135519413611574], [0.34, 0.9238807635959498], [0.35000000000000003, 0.9331910220640859], [0.36000000000000004, 0.9415792896904106], [0.37, 0.6943134268522464], [0.38, 0.9406701129452655], [0.39, 0.9620316102227042], [0.4, 0.96752088154125], [0.41000000000000003, 0.9724378803310149], [0.42000000000000004, 0.976819142328868], [0.43, 0.9806996166082154], [0.44, 0.9841129869680532], [0.45, 0.9870918796411243], [0.46, 0.9896681053666014], [0.47000000000000003, 0.9918726937076452]]}